{
  "Spanish Flanders": [51.2339657, 2.9178867],
  "Bohemia": [40.7694091, -73.1148664],
  "Palatinate": [49.9531599, 7.310646],
  "Anhalt": [29.7941091, -98.475574],
  "Brunswick": [34.0718195, -78.1914215],
  "Saxony": [50.9295798, 13.4585052],
  "Bavaria": [48.13067505, 11.545935364694149],
  "Franconia": [44.2273919, -71.7478468],
  "Brandenburg": [52.8455492, 13.2461296],
  "France": [46.603354, 1.8883335],
  "Wuerttemberg": [48.3366504, 9.0994058],
  "Swabia": [48.15313125, 10.47129100603846],
  "England": [52.5310214, -1.2649062],
  "Scotland": [56.7861112, -4.1140518],
  "Spanish Netherlands": [12.0874499, -68.8623318],
  "Hungary": [47.1817585, 19.5060937],
  "Austria": [47.59397, 14.12456],
  "Poland": [52.215933, 19.134422],
  "Germany": [51.1638175, 10.4478313],
  "Netherlands": [52.2434979, 5.6343227],
  "Ireland": [52.865196, -7.9794599],
  "Piedmont": [45.060735, 7.923549],
  "Russia": [64.6863136, 97.7453061],
  "Kingdom Of Hungary": [47.515117950000004, 19.02637366284204],
  "Silesia": [45.5564801, -108.8413108],
  "Austrian Netherlands": null,
  "Bengal": [39.4735045, -85.9228997],
  "Honaover": null,
  "Westphalia": [41.7196952, -95.3949545],
  "Prussia": [41.3738765, -94.506357],
  "Rhineland": [38.7175443, -91.517388],
  "Canada": [61.0666922, -107.991707],
  "Massachusetts": [42.3788774, -72.032366],
  "New York": [40.7127281, -74.0060152],
  "New Jersey": [40.0757384, -74.4041622],
  "Pennsylvania": [40.9699889, -77.7278831],
  "South Carolina": [33.6874388, -80.4363743],
  "North Carolina": [35.6729639, -79.0392919],
  "North Italy": [28.5469915, -81.3789674],
  "Egypt": [26.2540493, 29.2675469],
  "Palestine": [31.7621153, -95.6307891],
  "Switzerland": [46.7985624, 8.2319736],
  "Moravia": [40.891181, -92.8145031],
  "Portugal": [39.6621648, -8.1353519],
  "Spain": [39.3260685, -4.8379791],
  "Hesse": [50.6080651, 9.0284647],
  "Belgium": [50.6402809, 4.6667145],
  "Louisiana": [30.8703881, -92.007126],
  "Columbia": [4.099917, -72.9088133],
  "Venezuela": [8.0018709, -66.1109318],
  "Quito": [-0.2201641, -78.5123274],
  "Peru": [-6.8699697, -75.0458515],
  "Texas": [31.2638905, -98.5456116],
  "Mexico": [19.4326296, -99.1331785],
  "The Crimea": [51.54850965, -0.14398962112436264],
  "Lombardy": [45.5703694, 9.7732524],
  "Venetia": [45.6476663, 11.8665254],
  "Virginia": [37.1232245, -78.4927721],
  "Missouri": [38.7604815, -92.5617875],
  "Kentucky": [37.5726028, -85.1551411],
  "Tennessee": [35.7730076, -86.2820081],
  "Maryland": [39.5162401, -76.9382069],
  "Mississippi": [32.9715285, -89.7348497],
  "Georgia": [32.3293809, -83.1137366],
  "Alabama": [33.2588817, -86.8295337],
  "Zululand": [52.17565585, -3.0558444110200487],
  "Transvaal": [45.7396835, 4.8782324],
  "The Sudan": [40.7527506, -73.969032],
  "Ethiopia": [10.2116702, 38.6521203],
  "South Africa": [-28.8166236, 24.991639],
  "Cuba": [23.0131338, -80.8328748],
  "Korea": [36.638392, 127.6961188],
  "Manchuria": [-9.2079909, -76.1651529],
  "European Turkey": [41.277712449999996, 27.811007901705995],
  "Ussr": [62.5413807, 113.9775366],
  "Finland": [63.2467777, 25.9209164],
  "Germany And France": [48.1064725, 7.5798496],
  "Russian Poland": [52.210246850000004, 21.026634071670433],
  "Austrian Galicia": null,
  "Serbia": [44.024322850000004, 21.07657433209902],
  "Germany And Russian Poland": null,
  "Turkey": [38.9597594, 34.9249653],
  "Mesopotamia": [34.90348665, 42.05888055600657],
  "Austria And Italy": null,
  "Tunisia": [36.8002068, 10.1857757],
  "Italy": [42.6384261, 12.674297],
  "Luxembourg": [49.6112768, 6.129799],
  "Malaya": [23.4078376, 81.64988449203865],
  "Japan": [36.5748441, 139.2394179],
  "Okinawa": [26.5707754, 128.0255901],
  "Jordan": [44.6663146, -93.6261918],
  "Syria": [34.815353599999995, 38.42307447267531],
  "Soviet Union": [44.566633350000004, 27.359792969682104],
  "Golan": [33.0105642, 35.7495319652645],
  "Lebanon": [40.375713, -76.4626118],
  "Sinai": [29.52316965, 33.805472576508],
  "Viet Nam": [15.9266657, 107.9650855],
  "West Bank": [-32.8738889, 27.3775],
  "Northwest Europe": null
}
